City_ID,City,Country,Lat,Lng,Max Temp,Humidity,Cloudiness,Wind Speed,Current Description
0,taulaga,AS,-11.0553,-171.0883,83.62,76,14,17.02,light rain
1,edinburgh of the seven seas,SH,-37.0676,-12.3116,61.38,80,13,22.41,few clouds
2,uturoa,PF,-16.7333,-151.4333,82.53,78,100,17.58,light rain
3,isafjordur,IS,66.0755,-23.124,32.74,78,52,5.48,broken clouds
4,quellon,CL,-43.1167,-73.6167,37.65,100,40,0.0,scattered clouds
5,smithers,CA,54.7804,-127.1743,48.52,61,0,3.44,clear sky
6,albany,US,42.6001,-73.9662,46.58,86,100,1.01,light rain
7,forster,AU,-32.1667,152.5167,66.15,61,43,1.99,scattered clouds
8,adamstown,PN,-25.066,-130.1015,77.31,79,28,17.09,scattered clouds
9,sursk,RU,53.0754,45.6846,56.16,64,92,5.3,overcast clouds
10,whitehorse,CA,60.7161,-135.0538,43.57,65,75,21.85,broken clouds
11,somerset east,ZA,-32.7217,25.588,56.41,79,69,4.65,broken clouds
12,puerto ayora,EC,-0.7393,-90.3518,74.55,97,8,3.71,clear sky
13,quarai,BR,-30.3875,-56.4514,56.88,95,100,13.78,moderate rain
14,mount pearl,CA,47.5166,-52.7813,33.15,94,100,13.8,overcast clouds
15,thompson,CA,55.7435,-97.8558,37.56,56,0,2.3,clear sky
16,avarua,CK,-21.2078,-159.775,71.65,94,75,9.22,light rain
17,east london,ZA,-33.0153,27.9116,63.54,82,40,4.61,scattered clouds
18,papatowai,NZ,-46.5619,169.4708,60.69,77,100,7.47,overcast clouds
19,vodnyy,RU,63.5046,53.4095,36.39,96,100,11.54,overcast clouds
20,saipan,MP,15.1355,145.701,86.7,100,40,18.41,scattered clouds
21,sitka,US,57.0531,-135.33,46.29,87,100,4.61,moderate rain
22,olonkinbyen,SJ,70.9221,-8.7187,28.51,59,54,7.23,broken clouds
23,laojunmiao,CN,39.8333,97.7333,69.12,9,0,9.69,clear sky
24,arkhangel'sk,RU,64.5401,40.5433,43.23,67,44,11.03,scattered clouds
25,labytnangi,RU,66.6572,66.4183,33.6,95,100,15.82,light snow
26,port mathurin,MU,-19.6833,63.4167,78.71,79,5,8.59,clear sky
27,port-aux-francais,TF,-49.35,70.2167,37.8,72,79,12.53,broken clouds
28,carloforte,IT,39.145,8.3058,61.63,77,6,27.56,clear sky
29,margaret river,AU,-33.95,115.0667,65.68,52,0,11.01,clear sky
30,touros,BR,-5.1989,-35.4608,75.42,86,100,7.87,overcast clouds
31,mersin,TR,36.862,34.6509,67.48,39,0,4.0,clear sky
32,laguna,US,38.421,-121.4238,53.58,82,100,12.66,overcast clouds
33,ushuaia,AR,-54.8,-68.3,42.46,75,75,12.66,broken clouds
34,waitangi,NZ,-43.9535,-176.5597,55.81,92,100,4.0,overcast clouds
35,cockburn town,TC,21.4612,-71.1419,79.77,78,100,3.85,overcast clouds
36,nabire,ID,-3.3667,135.4833,82.72,79,100,2.64,overcast clouds
37,usogorsk,RU,63.4106,48.6872,37.42,80,100,11.65,overcast clouds
38,udachny,RU,66.4167,112.4,26.46,49,34,16.53,scattered clouds
39,g'uzor,UZ,38.6214,66.2522,86.04,15,0,9.73,clear sky
40,shimoda,JP,34.6667,138.95,68.36,48,0,7.56,clear sky
41,labrador city,CA,52.9463,-66.9114,37.31,65,100,13.8,light rain
42,puerto natales,CL,-51.7236,-72.4875,42.01,79,86,12.41,overcast clouds
43,kingston,JM,17.997,-76.7936,81.55,85,20,4.61,few clouds
44,pangody,RU,65.85,74.4859,29.73,76,100,15.08,overcast clouds
45,kimbe,PG,-5.5502,150.1429,81.93,87,100,1.95,moderate rain
46,greymouth,NZ,-42.4667,171.2,61.2,93,67,10.22,broken clouds
47,port elizabeth,ZA,-33.918,25.5701,65.32,87,0,9.22,clear sky
48,yarkovo,RU,57.4028,67.0786,54.77,36,98,4.99,overcast clouds
49,blackmans bay,AU,-43.0167,147.3167,53.73,89,100,7.16,light rain
50,nikolayevsk-on-amure,RU,53.1406,140.73,40.62,89,96,3.98,overcast clouds
51,carnarvon,AU,-24.8667,113.6333,83.97,41,100,4.16,overcast clouds
52,aasiaat,GL,68.7098,-52.8699,10.69,90,32,6.89,scattered clouds
53,la ronge,CA,55.1001,-105.2842,48.45,40,40,8.05,scattered clouds
54,bikenibeu village,KI,1.3673,173.1241,85.96,74,75,9.22,broken clouds
55,afaahiti,PF,-17.75,-149.2833,78.67,80,100,20.96,overcast clouds
56,grytviken,GS,-54.2811,-36.5092,24.39,75,17,4.59,few clouds
57,wailua homesteads,US,22.0669,-159.378,72.03,91,40,6.91,scattered clouds
58,muikamachi,JP,37.0667,138.8833,61.29,51,7,6.64,clear sky
59,verkhnevilyuysk,RU,63.4453,120.3167,33.69,96,100,7.7,light snow
60,qaqortoq,GL,60.7167,-46.0333,33.22,66,100,6.46,overcast clouds
61,badger,US,64.8,-147.5333,51.67,40,75,11.5,light rain
62,kruisfontein,ZA,-34.0033,24.7314,60.33,73,100,5.1,overcast clouds
63,west island,CC,-12.1568,96.8225,84.18,74,40,18.41,scattered clouds
64,kilju,KP,40.9642,129.3278,64.11,45,100,7.4,overcast clouds
65,tiksi,RU,71.6872,128.8694,22.32,87,100,6.2,overcast clouds
66,bredasdorp,ZA,-34.5322,20.0403,60.1,70,100,3.96,overcast clouds
67,ta'izz,YE,13.5,44.0,77.83,44,52,2.08,broken clouds
68,grantsville,US,40.5999,-112.4644,67.14,28,0,8.05,clear sky
69,pisco,PE,-13.7,-76.2167,68.05,88,1,12.66,clear sky
70,sougueur,DZ,35.1857,1.4961,42.93,57,0,4.61,clear sky
71,walvis bay,NA,-22.9575,14.5053,55.09,100,100,8.05,fog
72,port alfred,ZA,-33.5906,26.891,64.18,91,64,5.01,broken clouds
73,minas de marcona,PE,-15.2119,-75.1103,57.74,90,24,10.8,few clouds
74,vilyuchinsk,RU,52.9306,158.4028,41.27,94,98,5.23,overcast clouds
75,gornozavodsk,RU,58.3758,58.3211,65.57,52,22,9.46,few clouds
76,robore,BO,-18.3333,-59.75,69.15,99,6,3.29,clear sky
77,georgetown,MY,5.4112,100.3354,91.33,70,20,11.5,thunderstorm
78,mirnyy,RU,62.5353,113.9611,39.24,48,97,1.99,overcast clouds
79,enewetak,MH,11.3474,162.3373,80.92,83,71,22.08,broken clouds
80,axim,GH,4.8699,-2.2405,80.6,82,100,4.94,overcast clouds
81,anadyr,RU,64.75,177.4833,16.3,86,0,8.95,clear sky
82,acapulco de juarez,MX,16.8634,-99.8901,77.99,67,0,3.27,clear sky
83,bethel,US,41.3712,-73.414,50.94,89,20,8.05,few clouds
84,ilulissat,GL,69.2167,-51.1,7.79,69,0,7.54,clear sky
85,anshun,CN,26.25,105.9333,72.95,65,100,16.98,overcast clouds
86,yellowknife,CA,62.456,-114.3525,43.32,70,20,9.22,few clouds
87,ar ruways,AE,24.1103,52.7306,84.31,52,0,17.63,clear sky
88,ancud,CL,-41.8697,-73.8203,45.32,93,9,5.23,clear sky
89,belo sur tsiribihina,MG,-19.7,44.55,81.46,57,0,1.25,clear sky
90,palangkaraya,ID,-2.2,113.8333,91.26,58,53,3.47,broken clouds
91,kampong thom,KH,12.7111,104.8887,101.59,31,88,3.71,overcast clouds
92,ust-nera,RU,64.5667,143.2,32.61,76,100,3.0,overcast clouds
93,hawaiian paradise park,US,19.5933,-154.9731,72.91,91,100,6.91,overcast clouds
94,bilibino,RU,68.0546,166.4372,18.45,85,6,4.16,clear sky
95,sisimiut,GL,66.9395,-53.6735,28.44,74,91,7.07,overcast clouds
96,taroa,MH,8.7058,171.2275,81.75,83,100,19.89,light rain
97,iqaluit,CA,63.7506,-68.5145,29.93,86,100,19.57,overcast clouds
98,tadine,NC,-21.55,167.8833,77.65,81,98,12.28,overcast clouds
99,constantia,RO,44.1833,28.65,59.7,68,0,8.55,clear sky
100,egilsstadir,IS,65.2653,-14.3948,30.11,80,75,1.14,broken clouds
101,tual,ID,-5.6667,132.75,79.07,88,100,13.78,moderate rain
102,daru,PG,-9.0763,143.2092,81.95,86,100,13.11,moderate rain
103,shevchenko,UA,48.5,35.0,53.96,50,0,11.12,clear sky
104,umm kaddadah,SD,13.6017,26.6876,85.5,11,50,14.07,scattered clouds
105,corner brook,CA,48.9667,-57.9484,28.56,94,100,4.81,overcast clouds
106,atafu village,TK,-8.5421,-172.5159,83.93,76,12,13.29,light rain
107,kapa'a,US,22.0752,-159.319,73.38,91,40,6.91,scattered clouds
108,weno,FM,7.4515,151.8468,82.4,80,100,19.82,overcast clouds
109,arraial do cabo,BR,-22.9661,-42.0278,72.37,89,0,7.54,clear sky
110,lake havasu city,US,34.4839,-114.3224,74.01,31,38,7.0,scattered clouds
111,ramapuram,IN,13.1167,79.2,74.98,90,100,9.24,overcast clouds
112,pariaman,ID,-0.619,100.12,86.05,80,100,6.76,light rain
113,iskateley,RU,67.6803,53.1512,33.42,99,100,15.64,overcast clouds
114,berwick-upon-tweed,GB,55.7833,-2.0,45.43,67,100,1.14,overcast clouds
115,hasaki,JP,35.7333,140.8333,72.28,48,4,17.65,clear sky
116,la palma,US,33.8464,-118.0467,59.05,75,100,8.05,overcast clouds
117,falun,SE,60.6036,15.626,39.94,78,21,8.41,few clouds
118,namanga,KE,-2.5433,36.7905,70.27,76,75,4.56,broken clouds
119,jamestown,US,42.097,-79.2353,42.39,97,100,8.05,overcast clouds
120,klyuchi,RU,52.2667,79.1667,43.74,35,100,12.66,overcast clouds
121,pavlovsk,RU,50.4578,40.1081,49.91,69,98,12.66,overcast clouds
122,port blair,IN,11.6667,92.75,88.52,63,96,13.78,overcast clouds
123,es castell,ES,39.8795,4.2854,61.48,94,40,3.44,scattered clouds
124,hithadhoo,MV,-0.6,73.0833,81.0,83,100,19.01,overcast clouds
125,guerrero negro,MX,27.9769,-114.0611,57.36,76,6,14.54,clear sky
126,kollam,IN,8.8833,76.6,78.93,84,100,4.07,overcast clouds
127,okhotsk,RU,59.3833,143.3,37.33,68,100,6.53,overcast clouds
128,happy valley-goose bay,CA,53.3168,-60.3315,32.31,86,20,0.0,few clouds
129,skhira,TN,34.2992,10.07,62.28,44,0,12.35,clear sky
130,invercargill,NZ,-46.4,168.35,64.22,71,41,11.72,scattered clouds
131,selebi-phikwe,BW,-21.979,27.8498,72.66,49,0,5.53,clear sky
132,antsiranana,MG,-12.2787,49.2917,84.96,58,20,11.5,few clouds
133,saldanha,ZA,-33.0117,17.9442,53.65,88,100,5.57,overcast clouds
134,znamenka,RU,52.4167,41.4311,50.02,59,6,13.51,clear sky
135,revda,RU,56.801,59.9303,65.52,52,23,8.05,few clouds
136,haiku-pauwela,US,20.9219,-156.3051,76.05,74,20,0.0,few clouds
137,tucuma,BR,-0.1833,-50.05,75.11,93,99,3.33,overcast clouds
138,kidal,ML,18.4411,1.4078,90.52,11,5,2.13,clear sky
139,fundacion,CO,10.5207,-74.185,76.59,91,56,2.48,broken clouds
140,uliastay,MN,47.7417,96.8444,45.37,22,17,16.82,few clouds
141,santa teresa del tuy,VE,10.2341,-66.6631,80.42,91,54,1.43,broken clouds
142,tura,IN,25.5198,90.2201,84.79,50,61,3.11,broken clouds
143,longyearbyen,SJ,78.2186,15.6401,10.24,56,0,5.75,clear sky
144,stanley,GB,54.868,-1.6985,43.7,83,100,2.3,overcast clouds
145,vila franca do campo,PT,37.7167,-25.4333,59.41,88,20,7.72,light rain
146,aykhal,RU,66.0,111.5,21.27,79,82,17.63,broken clouds
147,isla mujeres,MX,21.2311,-86.731,73.17,66,100,9.75,overcast clouds
148,kegeyli shahar,UZ,42.7767,59.6078,84.29,9,59,21.97,broken clouds
149,nadym,RU,65.5333,72.5167,31.91,80,100,18.79,overcast clouds
150,wolow,PL,51.3366,16.6443,58.15,80,100,8.63,overcast clouds
151,carutapera,BR,-1.195,-46.02,74.23,95,96,2.59,overcast clouds
152,prokop'yevsk,RU,53.9059,86.719,41.92,48,100,11.14,light rain
153,zeerust,ZA,-25.5369,26.0751,71.53,47,34,8.28,scattered clouds
154,nar'yan-mar,RU,67.6713,53.087,33.48,99,100,15.73,overcast clouds
155,aripuana,BR,-9.1667,-60.6333,71.87,98,100,0.16,heavy intensity rain
156,tarija,BO,-21.5355,-64.7296,60.35,91,94,3.47,overcast clouds
157,cosala,MX,24.4125,-106.6908,64.74,62,57,2.1,broken clouds
158,portoferraio,IT,42.8115,10.3146,63.57,81,98,22.32,overcast clouds
159,rio grande,BR,-32.035,-52.0986,59.23,91,100,11.81,overcast clouds
160,portland,US,45.5234,-122.6762,56.61,74,100,5.01,overcast clouds
161,kerikeri,NZ,-35.2268,173.9474,66.9,93,95,3.2,overcast clouds
162,new norfolk,AU,-42.7826,147.0587,54.91,69,100,3.96,overcast clouds
163,mount gambier,AU,-37.8333,140.7667,56.03,75,98,9.98,overcast clouds
164,merizo village,GU,13.2658,144.6691,88.36,81,100,19.86,overcast clouds
165,dwarka,IN,22.2394,68.9678,84.49,58,0,9.71,clear sky
166,fisterra,ES,42.9049,-9.2629,54.01,66,100,4.03,overcast clouds
167,ouani,KM,-12.1322,44.4258,81.54,67,61,9.48,broken clouds
168,machico,PT,32.7,-16.7667,74.01,50,20,8.05,few clouds
169,manismata,ID,-2.4667,111.0333,86.47,81,100,2.37,light rain
170,sohlde,DE,52.189,10.2324,51.82,73,100,13.0,light rain
171,tazovsky,RU,67.4667,78.7,25.88,85,99,11.36,overcast clouds
172,geraldton,AU,-28.7667,114.6,86.41,14,0,5.75,clear sky
173,st. john's,CA,47.5649,-52.7093,33.98,94,100,13.8,overcast clouds
174,kodoli,IN,16.8833,74.2,92.48,19,83,2.1,broken clouds
175,college,US,64.8569,-147.8028,48.18,43,48,11.5,light rain
176,crane,US,31.3974,-102.3501,68.9,42,100,6.91,overcast clouds
177,faya-largeau,TD,17.9257,19.1043,91.22,9,0,12.66,clear sky
178,progreso,MX,21.2833,-89.6667,78.12,74,100,12.46,overcast clouds
179,lebu,CL,-37.6167,-73.65,48.99,81,0,11.07,clear sky
180,nizhneangarsk,RU,55.7833,109.55,35.49,58,100,1.14,overcast clouds
181,caleta de carquin,PE,-11.0925,-77.6267,72.54,85,68,10.4,broken clouds
182,teluknaga,ID,-6.0989,106.6381,91.06,62,40,5.75,haze
183,dazuocun,CN,24.8862,118.9643,70.12,81,100,17.76,overcast clouds
184,hermanus,ZA,-34.4187,19.2345,57.79,75,100,1.39,overcast clouds
185,lorengau,PG,-2.0226,147.2712,82.17,82,100,6.08,overcast clouds
186,totness,SR,5.8833,-56.3167,76.6,87,100,8.39,overcast clouds
187,susuman,RU,62.7833,148.1667,29.89,66,100,3.67,overcast clouds
188,san patricio,US,28.017,-97.5169,73.85,85,100,11.5,overcast clouds
189,yermakovskoye,RU,53.2831,92.4003,45.19,44,100,5.17,overcast clouds
190,sonqor,IR,34.7837,47.6004,55.18,30,0,2.73,clear sky
191,choibalsan,MN,48.0667,114.5,62.62,17,9,23.15,clear sky
192,erenhot,CN,43.6475,111.9767,75.38,14,20,14.32,few clouds
193,cabo san lucas,MX,22.8909,-109.9124,70.61,58,100,14.16,overcast clouds
194,barra do bugres,BR,-15.0725,-57.1811,70.97,96,0,1.61,clear sky
195,nouadhibou,MR,20.931,-17.0347,66.18,88,5,17.27,clear sky
196,tolanaro,MG,-25.0319,46.9987,73.47,68,40,6.91,scattered clouds
197,alice springs,AU,-23.7,133.8833,72.95,27,96,11.5,overcast clouds
198,olivenza,ES,38.6832,-7.103,60.31,34,100,4.72,overcast clouds
199,dunedin,NZ,-45.8742,170.5036,57.79,92,100,5.01,overcast clouds
200,la sarre,CA,48.8002,-79.1996,38.19,91,100,11.77,overcast clouds
201,talnakh,RU,69.4865,88.3972,20.21,74,100,5.68,overcast clouds
202,petropavlovsk-kamchatsky,RU,53.0452,158.6483,39.79,65,75,8.95,broken clouds
203,parksville,CA,49.3163,-124.3195,56.71,83,43,17.27,scattered clouds
204,maun,BW,-19.9833,23.4167,64.36,63,0,6.91,clear sky
205,gaigeturi,KR,33.4644,126.3183,68.05,64,0,6.91,clear sky
206,port lincoln,AU,-34.7333,135.8667,62.8,71,64,18.39,broken clouds
207,ixtapa,MX,20.7,-105.2,66.18,63,0,2.64,clear sky
208,kolondieba,ML,11.0882,-6.8926,82.22,45,99,7.02,overcast clouds
209,fale old settlement,TK,-9.3852,-171.2468,84.18,75,2,14.94,clear sky
210,mitu,CO,1.1983,-70.1733,71.71,97,84,0.65,broken clouds
211,havre,FR,49.5833,0.3333,52.2,100,75,3.44,broken clouds
212,new prague,US,44.5433,-93.5761,44.94,62,5,13.47,clear sky
213,fuerte olimpo,PY,-21.0415,-57.8738,72.73,96,47,3.22,moderate rain
214,zuni pueblo,US,35.0725,-108.8506,50.63,33,100,10.54,overcast clouds
215,lubang,PH,13.8584,120.124,85.84,73,100,19.69,overcast clouds
216,newman,US,37.3138,-121.0208,54.01,75,80,4.0,broken clouds
217,ribeira grande,PT,38.5167,-28.7,60.78,77,40,13.0,light rain
218,masterton,NZ,-40.9597,175.6575,61.88,95,100,3.89,overcast clouds
219,luderitz,NA,-26.6481,15.1594,61.86,53,1,10.6,clear sky
220,trujillo,PE,-8.116,-79.03,71.56,88,100,6.91,mist
221,kegen,KZ,43.0197,79.2203,42.98,49,100,11.72,overcast clouds
222,la passe,FR,45.5549,-0.8967,53.02,83,100,6.93,overcast clouds
223,laurentides,CA,46.4334,-74.9826,39.7,95,87,5.35,overcast clouds
224,basoko,CD,1.2391,23.616,79.74,70,76,2.15,broken clouds
225,utrik,MH,11.2278,169.8474,81.0,81,100,21.81,light rain
226,krasnyy oktyabr',RU,56.1167,38.8833,50.02,46,0,5.5,clear sky
227,san jose,US,37.3394,-121.895,52.0,83,75,15.99,light rain
228,lichinga,MZ,-13.3128,35.2406,60.89,88,75,17.27,broken clouds
229,mersa matruh,EG,31.3525,27.2453,66.4,63,0,11.5,clear sky
230,richards bay,ZA,-28.783,32.0377,73.13,75,100,2.93,overcast clouds
231,sinop,TR,41.7711,34.8709,52.34,57,78,6.02,broken clouds
232,kirakira,SB,-10.4544,161.9205,81.68,85,100,13.09,overcast clouds
233,lovington,US,32.944,-103.3485,61.03,37,100,9.06,overcast clouds
234,kodiak,US,57.79,-152.4072,38.71,81,100,6.91,light rain
235,olinda,BR,-8.0089,-34.8553,74.93,94,40,2.3,scattered clouds
236,codrington,AU,-38.2667,141.9667,56.12,77,97,12.86,overcast clouds
237,abra pampa,AR,-22.7205,-65.697,48.27,68,5,4.45,clear sky
238,hepo,CN,23.4308,115.8299,82.99,51,2,5.64,clear sky
239,pangoa,PE,-12.1167,-73.0,67.19,99,70,2.13,broken clouds
240,as sulayyil,SA,20.4607,45.5779,86.25,14,26,18.52,scattered clouds
241,sorong,ID,-0.8833,131.25,84.02,74,98,10.98,overcast clouds
242,campo verde,BR,-20.4167,-54.0667,65.64,90,0,3.67,clear sky
243,ghadamis,LY,30.1337,9.5007,72.46,48,100,11.3,overcast clouds
244,kattivakkam,IN,13.2167,80.3167,86.09,88,100,11.68,overcast clouds
245,ketchikan,US,55.3422,-131.6461,49.98,84,100,3.94,overcast clouds
246,lhasa,CN,29.65,91.1,59.99,23,100,8.7,overcast clouds
247,brookings,US,44.3114,-96.7984,40.37,67,0,12.66,clear sky
248,gladstone,AU,-23.85,151.25,75.13,46,17,10.36,few clouds
249,banda aceh,ID,5.5577,95.3222,86.7,67,100,6.73,overcast clouds
250,tobelo,ID,1.7284,128.0095,83.43,79,76,4.18,broken clouds
251,dryden,CA,49.7833,-92.7503,35.89,51,0,11.5,clear sky
252,kolpashevo,RU,58.3131,82.9089,40.6,66,100,9.62,overcast clouds
253,agde,FR,43.3108,3.4758,63.88,51,0,13.8,clear sky
254,vorkuta,RU,67.5,64.0,34.48,91,100,22.44,overcast clouds
255,conception bay south,CA,47.4999,-52.9981,33.75,92,100,11.99,overcast clouds
256,moanda,GA,-1.5575,13.2178,71.83,99,100,1.7,heavy intensity rain
257,kostomuksha,RU,64.571,30.5767,33.93,96,99,0.65,overcast clouds
258,villa de soto,AR,-30.8552,-64.9995,57.4,26,100,2.82,overcast clouds
259,huayin,CN,34.5675,110.0921,86.63,30,100,6.6,overcast clouds
260,bangjun,CN,39.9911,117.2628,85.03,24,0,15.61,clear sky
261,ts'alenjikha,GE,42.6044,42.0682,52.57,89,100,3.85,overcast clouds
262,tobruk,LY,32.0836,23.9764,73.26,44,80,16.4,broken clouds
263,phalaborwa,ZA,-23.943,31.1411,70.88,50,0,8.25,clear sky
264,soufriere,LC,13.8562,-61.0566,80.2,94,75,14.97,broken clouds
265,santa marinella,IT,42.0345,11.8536,61.7,92,100,3.76,overcast clouds
266,chibougamau,CA,49.9168,-74.3659,38.82,93,100,12.66,overcast clouds
267,dalai,CN,45.5,124.3,77.22,30,1,28.86,clear sky
268,prince rupert,CA,54.3161,-130.3201,47.89,92,0,11.5,clear sky
269,likisa,TL,-8.6695,125.6875,71.37,77,60,4.32,broken clouds
270,tralee,IE,52.2704,-9.7026,50.25,87,0,3.44,clear sky
271,changyon,KP,38.2508,125.0961,62.4,39,100,10.83,overcast clouds
272,broken hill,AU,-31.95,141.4333,69.67,35,59,13.49,broken clouds
273,chifeng,CN,42.2683,118.9636,80.87,24,22,23.42,few clouds
274,gostynin,PL,52.4294,19.4619,56.62,71,100,12.75,overcast clouds
275,lompoc,US,34.6391,-120.4579,50.52,86,75,8.99,broken clouds
276,strathmore,CA,51.0501,-113.3852,58.35,33,4,14.97,clear sky
277,colac,AU,-38.3333,143.5833,55.17,87,100,8.3,light rain
278,sao felix do xingu,BR,-6.6447,-51.995,71.71,99,100,1.23,overcast clouds
279,auki,SB,-8.7676,160.7034,81.91,81,94,2.89,overcast clouds
280,champerico,GT,14.3,-91.9167,82.85,74,96,2.44,overcast clouds
281,taco pozo,AR,-25.6167,-63.2833,54.79,62,100,7.61,overcast clouds
282,luau,AO,-10.7073,22.2247,70.48,73,99,5.53,overcast clouds
283,narail,BD,23.1667,89.5,93.79,34,0,6.44,clear sky
284,lodwar,KE,3.1191,35.5973,79.48,65,92,3.42,overcast clouds
285,fortuna,US,40.5982,-124.1573,50.67,92,100,3.0,overcast clouds
286,midvagur,FO,62.0511,-7.1939,38.23,65,100,9.22,overcast clouds
287,port douglas,AU,-16.4833,145.4667,78.49,83,91,12.21,overcast clouds
288,ismailia,EG,30.6043,32.2723,62.67,63,0,5.75,clear sky
289,greenville,US,35.6127,-77.3663,52.12,78,0,4.61,clear sky
290,gafargaon,BD,24.4333,90.5667,95.41,30,56,8.5,broken clouds
291,al wakrah,QA,24.85,51.3333,92.1,18,0,21.5,clear sky
292,klaksvik,FO,62.2266,-6.589,38.32,72,99,11.95,overcast clouds
293,sasovo,RU,54.3537,41.9199,40.93,94,100,10.25,light rain
294,tyuratam,KZ,45.6507,63.3156,73.98,21,2,17.25,clear sky
295,yugorsk,RU,61.3133,63.3319,51.49,54,100,16.89,overcast clouds
296,east ballina,AU,-28.8667,153.5833,67.8,51,100,6.2,overcast clouds
297,gamba,GA,-2.65,10.0,78.76,85,100,2.42,overcast clouds
298,flagstaff,US,35.1981,-111.6513,51.84,28,0,4.61,clear sky
299,dadukou,CN,26.5479,101.7054,91.24,23,100,10.71,overcast clouds
300,seryshevo,RU,51.0933,128.3786,72.79,28,98,22.5,light rain
301,cidreira,BR,-30.1811,-50.2056,69.84,92,100,7.74,overcast clouds
302,margate,GB,51.3813,1.3862,52.3,80,98,4.0,overcast clouds
303,khilok,RU,51.3674,110.4676,42.8,41,100,16.89,overcast clouds
304,jilib,SO,0.4883,42.7854,86.22,61,100,8.7,overcast clouds
305,inari,FI,68.906,27.0288,35.8,81,100,11.1,overcast clouds
306,nizao,DO,18.25,-70.2,76.78,85,100,3.76,overcast clouds
307,maragogi,BR,-9.0122,-35.2225,75.61,85,46,0.76,scattered clouds
308,urengoy,RU,65.9667,78.3667,29.44,72,99,9.55,overcast clouds
309,ta`u,AS,-14.2336,-169.5144,81.9,78,46,26.96,light rain
310,yerofey pavlovich,RU,53.9667,121.9667,52.41,58,100,8.43,light rain
311,kavieng,PG,-2.5744,150.7967,83.95,75,60,13.22,light rain
312,guariba,BR,-21.36,-48.2283,57.11,88,0,2.86,clear sky
313,howrah,IN,22.5892,88.3103,91.4,52,40,5.75,haze
314,mbuji-mayi,CD,-6.15,23.6,69.84,97,100,2.33,light rain
315,pauini,BR,-7.7136,-66.9764,73.62,98,100,1.79,overcast clouds
316,nogamerzin-yurt,RU,43.6536,44.8889,51.67,90,100,5.53,light rain
317,lame,NG,10.4415,9.2396,82.92,45,56,2.24,broken clouds
318,okha,RU,53.5739,142.9478,31.15,95,100,8.79,light snow
319,inhambane,MZ,-23.865,35.3833,78.78,69,20,5.99,few clouds
320,el calafate,AR,-50.3408,-72.2768,38.39,67,100,9.98,overcast clouds
321,polyarnyy,RU,69.1989,33.4478,34.43,91,100,17.63,light snow
322,jwaneng,BW,-24.6004,24.7303,73.36,45,14,12.57,few clouds
323,mlangali,TZ,-9.7833,34.5167,62.26,75,57,2.19,broken clouds
324,aswan,EG,24.0934,32.907,76.3,17,0,6.91,clear sky
325,paracuru,BR,-3.41,-39.0306,76.1,92,100,3.71,overcast clouds
326,al fuwayliq,SA,26.4432,43.2534,79.54,15,0,15.59,clear sky
327,pandan,PH,14.0453,124.1694,85.51,72,25,13.4,scattered clouds
328,remire-montjoly,GF,4.9167,-52.2667,75.24,100,75,1.14,broken clouds
329,kayangel,PW,8.0823,134.7173,84.51,74,31,11.97,scattered clouds
330,ulsteinvik,NO,62.3432,5.8487,44.73,88,95,7.0,overcast clouds
331,port pirie,AU,-33.1833,138.0167,66.51,61,100,4.7,overcast clouds
332,shubarkuduk,KZ,49.1447,56.4872,75.72,23,79,20.04,broken clouds
333,jose pedro varela,UY,-33.45,-54.5333,51.58,72,98,6.53,overcast clouds
334,tateyama,JP,34.9833,139.8667,63.68,49,0,4.21,clear sky
335,port macquarie,AU,-31.4333,152.9167,65.89,56,100,2.51,overcast clouds
336,coquimbo,CL,-29.9533,-71.3436,53.33,82,0,3.44,clear sky
337,quiruvilca,PE,-7.9667,-78.2,36.77,95,100,4.56,overcast clouds
338,general pinedo,AR,-27.3167,-61.2833,58.98,81,100,4.0,overcast clouds
339,abepura,ID,-2.6333,140.5833,81.41,78,40,0.0,light rain
340,bokhan,RU,53.153,103.7714,43.99,39,100,10.22,overcast clouds
341,opuwo,NA,-18.0607,13.84,74.32,34,72,7.94,broken clouds
342,aleksandrovsk-sakhalinskiy,RU,50.8975,142.1561,44.89,68,100,16.98,overcast clouds
343,queenstown,ZA,-31.8976,26.8753,59.67,40,44,2.86,scattered clouds
344,nemuro,JP,43.3236,145.575,42.03,72,2,8.37,clear sky
345,praia da vitoria,PT,38.7333,-27.0667,59.76,82,20,10.31,light rain
346,konarka,IN,19.9,86.1167,91.8,54,73,14.47,broken clouds
347,tvoroyri,FO,61.5556,-6.8111,38.93,65,77,8.52,broken clouds
348,anapa,RU,44.8908,37.3239,53.94,87,75,13.42,light rain
349,las heras,AR,-46.5419,-68.9359,38.25,76,10,9.37,clear sky
350,papao,PF,-17.75,-149.55,80.28,79,100,21.97,light rain
351,murzuq,LY,25.9155,13.9184,86.02,12,53,18.41,broken clouds
352,phanom thuan,TH,14.1303,99.6986,103.01,29,99,9.26,overcast clouds
353,lichuan,CN,30.3,108.85,57.9,91,100,3.29,overcast clouds
354,kitaibaraki,JP,36.7833,140.75,66.15,45,0,14.56,clear sky
355,zaozersk,RU,69.4005,32.4476,33.26,89,98,18.05,overcast clouds
356,bani walid,LY,31.7566,13.9942,68.2,52,8,14.65,clear sky
357,oriximina,BR,-1.7656,-55.8661,73.36,96,100,3.74,light rain
358,ashburton,AU,-37.8626,145.0794,64.58,59,100,11.14,overcast clouds
359,ad dabbah,SD,18.05,30.95,87.33,7,0,12.37,clear sky
360,yanykurgan,KZ,43.915,67.2481,75.6,14,0,24.0,clear sky
361,paita,PE,-5.0892,-81.1144,77.29,79,97,12.82,overcast clouds
362,puerto baquerizo moreno,EC,-0.9,-89.6,79.16,80,16,6.13,few clouds
363,petukhovo,RU,55.0692,67.9019,54.1,32,92,6.11,overcast clouds
364,christchurch,NZ,-43.5333,172.6333,70.48,78,9,10.36,clear sky
365,bria,CF,6.5423,21.9863,76.66,69,90,5.14,overcast clouds
366,kichmengskiy gorodok,RU,59.9816,45.7854,45.73,61,100,5.66,overcast clouds
367,nantucket,US,41.2835,-70.0995,51.01,92,0,9.22,clear sky
368,plettenberg bay,ZA,-34.0527,23.3716,61.68,61,100,4.47,overcast clouds
369,karratha,AU,-20.7377,116.8463,88.12,31,97,14.0,overcast clouds
370,vannes,FR,47.8333,-2.5,48.81,87,78,5.1,broken clouds
371,kirensk,RU,57.7853,108.1119,41.36,54,100,9.89,light rain
372,broome,US,42.2506,-75.833,42.71,92,100,8.05,light rain
373,tecate,MX,32.5667,-116.6333,51.3,85,100,8.63,overcast clouds
374,tame,CO,6.461,-71.73,74.01,65,9,3.89,clear sky
375,constitucion,CL,-35.3333,-72.4167,48.47,68,0,6.93,clear sky
376,lock haven,US,41.137,-77.4469,42.62,95,100,7.83,overcast clouds
377,bobrov,RU,51.0961,40.0333,51.4,58,5,12.59,clear sky
378,tripoli,LY,32.8752,13.1875,66.85,71,1,11.34,clear sky
379,myanaung,MM,18.2833,95.3167,104.94,25,34,6.62,scattered clouds
380,flying fish cove,CX,-10.4217,105.6791,81.16,78,3,11.95,clear sky
381,dettelbach,DE,49.8,10.1833,53.28,86,92,8.43,overcast clouds
382,labuan,MY,5.2767,115.2417,89.96,70,20,5.01,few clouds
383,irymple,AU,-34.25,142.1667,63.09,76,98,1.01,light rain
384,pijijiapan,MX,15.7011,-93.23,79.27,84,94,2.35,overcast clouds
385,carlinville,US,39.2798,-89.8818,47.82,77,0,10.07,clear sky
386,hilo,US,19.7297,-155.09,75.27,88,100,6.91,overcast clouds
387,korla,CN,41.7597,86.1469,71.01,17,100,21.97,overcast clouds
388,mariehamn,AX,60.0973,19.9348,37.26,93,100,11.5,light rain
389,darnah,LY,32.767,22.6367,74.97,38,100,22.82,overcast clouds
390,vorgashor,RU,67.5833,63.95,34.16,92,100,22.21,overcast clouds
391,at taj,LY,24.2049,23.2857,82.45,11,0,11.43,clear sky
392,atakpame,TG,7.5333,1.1333,76.17,82,94,0.78,overcast clouds
393,howard springs,AU,-12.497,131.047,91.87,51,11,8.08,few clouds
394,pacific grove,US,36.6177,-121.9166,51.03,91,100,5.75,overcast clouds
395,silver city,US,32.7701,-108.2803,58.96,37,0,8.05,clear sky
396,sainte-menehould,FR,49.0833,4.9,48.09,89,2,5.44,clear sky
397,isangel,VU,-19.55,169.2667,79.7,85,23,10.54,few clouds
398,huarmey,PE,-10.0681,-78.1522,74.03,86,80,9.73,broken clouds
399,sechura,PE,-5.5569,-80.8222,77.32,74,96,13.53,overcast clouds
400,sao raimundo das mangabeiras,BR,-7.0219,-45.4811,73.17,95,100,2.24,overcast clouds
401,marka,SO,1.7159,44.7717,85.21,69,100,13.06,light rain
402,inarajan village,GU,13.2736,144.7484,85.17,82,100,19.77,overcast clouds
403,natal,BR,-5.795,-35.2094,74.05,94,20,4.61,few clouds
404,kristiansund,NO,63.1115,7.732,43.45,75,40,6.91,scattered clouds
405,akureyri,IS,65.6835,-18.0878,31.93,86,100,0.0,overcast clouds
406,cabugao,PH,17.7931,120.4578,89.46,58,4,8.7,clear sky
407,manokwari,ID,-0.8667,134.0833,80.17,80,100,2.53,overcast clouds
408,nanao,JP,37.05,136.9667,66.4,50,0,3.91,clear sky
409,arteche,PH,12.2645,125.4048,81.28,88,100,12.37,moderate rain
410,natchez,US,31.5604,-91.4032,52.02,87,0,0.0,clear sky
411,kampong chhnang,KH,12.1667,104.55,100.18,33,95,5.3,overcast clouds
412,mana,GF,5.6592,-53.7767,76.95,87,34,9.17,scattered clouds
413,yaren,NR,-0.5472,166.916,83.73,79,65,15.84,broken clouds
414,cestos city,LR,5.46,-9.5828,79.7,83,100,5.41,light rain
415,hirara,JP,24.8,125.2833,80.46,73,40,19.57,scattered clouds
416,nefteyugansk,RU,61.0998,72.6035,35.56,58,13,5.08,few clouds
417,dalandzadgad,MN,43.5708,104.425,71.33,12,45,13.67,scattered clouds
418,moab,US,38.5733,-109.5498,72.61,16,100,1.99,overcast clouds
419,akarp,SE,58.2333,13.65,41.13,85,100,9.46,overcast clouds
420,bagaha,IN,27.1,84.0833,91.49,30,27,1.88,scattered clouds
421,gadzhiyevo,RU,69.2551,33.3362,33.93,91,100,18.01,overcast clouds
422,aztec,US,36.8222,-107.9929,65.61,24,100,7.4,overcast clouds
423,vadso,NO,70.0744,29.7487,35.76,69,20,20.71,few clouds
424,santana,BR,-0.0583,-51.1817,77.18,100,75,3.44,broken clouds
425,lazaro cardenas,MX,17.9583,-102.2,72.99,75,0,4.29,clear sky
426,darwin,AU,-12.4611,130.8418,91.94,40,0,11.5,clear sky
427,nijar,ES,36.9665,-2.206,66.65,64,0,5.75,clear sky
428,north shore,NZ,-36.8,174.75,66.47,70,100,7.0,light rain
429,geispolsheim,FR,48.5166,7.6467,55.85,87,100,1.14,overcast clouds
430,charters towers,AU,-20.1,146.2667,79.63,54,100,11.16,overcast clouds
431,khabarovsk,RU,48.4808,135.0928,67.8,30,0,20.0,clear sky
432,nagqu,CN,31.5,92.0,33.21,92,100,12.08,light snow
433,beatrice,US,40.2681,-96.747,44.28,56,0,10.36,clear sky
434,kletskaya,RU,49.3145,43.0584,60.13,64,100,4.85,overcast clouds
435,bathsheba,BB,13.2167,-59.5167,79.41,89,75,8.05,light rain
436,raichur,IN,16.2,77.3667,89.98,44,96,12.37,overcast clouds
437,conde,BR,-7.2597,-34.9075,74.66,100,20,2.3,few clouds
438,puerto santa,PE,-8.9906,-78.6456,72.9,88,61,8.12,broken clouds
439,zuera,ES,41.8677,-0.7898,56.52,59,100,4.32,overcast clouds
440,coeur d'alene,US,47.6777,-116.7805,61.16,66,0,8.05,clear sky
441,karachi,PK,24.9056,67.0822,89.42,33,40,13.8,scattered clouds
442,claveria,PH,18.6074,121.0832,86.14,71,2,18.66,clear sky
443,qingdao,CN,36.0986,120.3719,60.55,65,100,17.92,overcast clouds
444,westport,US,41.1415,-73.3579,53.64,86,100,14.97,overcast clouds
445,poggiardo,IT,40.0542,18.3791,60.46,80,100,20.18,overcast clouds
446,gbarnga,LR,6.9956,-9.4722,72.32,98,100,1.34,overcast clouds
447,saint-philippe,RE,-21.3585,55.7679,81.99,75,32,3.67,scattered clouds
448,sidi ifni,MA,29.3797,-10.173,66.85,80,12,7.92,few clouds
449,stephenville,US,32.2207,-98.2023,60.15,58,0,3.44,clear sky
450,salqin,SY,36.1381,36.4532,60.87,46,48,1.41,scattered clouds
451,novaya igirma,RU,57.1334,103.9112,39.65,60,100,12.01,overcast clouds
452,vermillion,US,42.7794,-96.9292,41.72,72,0,7.85,clear sky
453,nyurba,RU,63.2842,118.3319,32.97,100,100,7.65,light snow
454,gandajika,CD,-6.75,23.95,67.01,98,100,2.33,light rain
455,arcoverde,BR,-8.4189,-37.0539,64.47,97,44,2.33,scattered clouds
456,chonchi,CL,-42.6128,-73.8092,46.11,97,72,2.24,broken clouds
457,severo-yeniseyskiy,RU,60.3725,93.0408,32.56,87,100,8.23,overcast clouds
458,parang,PH,7.3704,124.2697,80.91,88,100,4.25,moderate rain
459,todmorden,GB,53.7143,-2.097,49.33,89,99,8.01,overcast clouds
460,fort st. john,CA,56.2499,-120.8529,55.29,47,40,8.05,scattered clouds
461,mahina,PF,-17.5065,-149.489,80.37,78,20,5.75,few clouds
462,lihue,US,21.9789,-159.3672,72.99,89,100,5.75,overcast clouds
463,zemio,CF,5.0314,25.1361,81.21,60,86,3.65,overcast clouds
464,umarkot,PK,25.3616,69.7362,93.76,33,36,10.54,scattered clouds
465,karema,TZ,-6.8205,30.4389,70.95,88,100,3.38,light rain
466,argamasilla de calatrava,ES,38.7384,-4.015,62.35,32,93,4.79,overcast clouds
467,bamboo flat,IN,11.7,92.7167,88.88,61,97,11.95,overcast clouds
468,hammerfest,NO,70.6634,23.6821,28.85,80,100,17.27,light snow
469,coracao de jesus,BR,-16.6853,-44.365,63.59,74,1,5.19,clear sky
470,vallenar,CL,-28.5708,-70.7581,59.2,74,0,1.07,clear sky
471,ust'-ilimsk,RU,58.0006,102.6619,36.73,95,100,9.66,light rain
472,baringo,KE,0.4667,35.9667,74.35,66,100,1.83,overcast clouds
473,matthew town,BS,20.95,-73.6667,78.19,81,100,7.25,overcast clouds
474,sidhi,IN,24.4167,81.8833,92.66,27,46,4.63,scattered clouds
475,malpica,ES,43.3228,-8.8105,64.38,71,98,3.6,overcast clouds
476,waycross,US,31.2136,-82.354,60.85,63,0,4.61,clear sky
477,tomatlan,MX,19.9333,-105.25,64.42,70,0,2.57,clear sky
478,evinayong,GQ,1.4368,10.5512,69.08,98,100,1.43,overcast clouds
479,kassala,SD,15.451,36.4,90.03,17,6,6.2,clear sky
480,neiafu,TO,-18.65,-173.9833,79.07,67,100,28.01,overcast clouds
481,horta,PT,38.5333,-28.6333,60.03,75,40,14.0,light rain
482,chinde,NP,26.8418,88.0763,70.92,53,83,4.92,broken clouds
483,port saint john's,ZA,-31.6229,29.5448,68.38,67,96,7.4,overcast clouds
484,zarghun shahr,AF,32.8473,68.4457,64.63,37,1,4.92,clear sky
485,kununurra,AU,-15.7667,128.7333,89.58,31,83,6.91,broken clouds
486,ukiah,US,39.1502,-123.2078,48.43,94,100,0.0,moderate rain
487,ierapetra,GR,35.01,25.7353,65.14,70,82,5.01,broken clouds
488,moussoro,TD,13.6408,16.4901,90.57,10,3,8.88,clear sky
489,melekeok village,PW,7.4957,134.6367,100.96,47,75,9.22,broken clouds
490,bom jesus,BR,-9.0744,-44.3586,70.0,95,96,1.68,overcast clouds
491,cabedelo,BR,-6.9811,-34.8339,75.87,83,31,6.67,scattered clouds
492,bulgan,MN,48.8125,103.5347,43.34,38,100,6.2,overcast clouds
493,zhangye,CN,38.9342,100.4517,76.55,9,98,10.33,overcast clouds
494,baruun-urt,MN,46.6806,113.2792,64.83,17,1,16.75,clear sky
495,cabcaben,PH,14.454,120.5914,97.14,59,80,18.37,broken clouds
496,tonj,SS,7.2737,28.6822,84.94,46,15,5.68,few clouds
497,flin flon,CA,54.7682,-101.865,36.41,81,64,6.13,broken clouds
498,plastun,RU,44.7561,136.2939,63.14,44,18,12.21,few clouds
499,tacuarembo,UY,-31.7333,-55.9833,53.82,98,100,4.94,overcast clouds
500,popesti,RO,47.2333,22.4167,65.79,63,100,3.94,overcast clouds
501,amga,RU,60.8953,131.9608,40.06,89,100,2.77,overcast clouds
502,mount isa,AU,-20.7333,139.5,82.17,21,2,8.05,clear sky
503,massawa,ER,15.6097,39.45,85.53,62,29,7.58,scattered clouds
504,salem,IN,11.65,78.1667,84.4,70,40,4.61,scattered clouds
505,ambon,ID,-3.6954,128.1814,86.14,70,40,4.61,scattered clouds
506,maposeni,TZ,-10.5833,35.4,70.29,63,0,5.08,clear sky
507,cambria,US,35.5641,-121.0808,51.22,90,15,1.99,few clouds
508,linxia chengguanzhen,CN,35.6003,103.2064,71.8,28,100,9.08,overcast clouds
509,gisborne,NZ,-38.6533,178.0042,63.39,93,78,7.52,light rain
510,shuangjiang,CN,26.1547,109.7138,70.47,85,100,7.31,overcast clouds
511,punta arenas,CL,-53.15,-70.9167,44.71,76,40,21.85,scattered clouds
512,fort bragg,US,35.139,-79.006,56.75,56,0,8.05,clear sky
513,ust'-uda,RU,54.1742,103.0304,42.84,45,100,10.16,light rain
514,berdigestyakh,RU,62.0989,126.6992,35.11,100,100,2.33,light snow
515,tereze,RU,43.9361,42.4434,41.59,95,100,4.5,overcast clouds
516,mamuju,ID,-2.6748,118.8885,85.98,74,41,5.59,light rain
517,takaungu,KE,-3.6837,39.8566,81.09,74,97,15.88,overcast clouds
518,palmer,US,42.1584,-72.3287,48.24,90,100,8.05,overcast clouds
519,antofagasta,CL,-23.65,-70.4,61.88,87,70,5.46,broken clouds
520,bumba,CD,2.1833,22.4667,77.95,79,84,2.04,broken clouds
521,namibe,AO,-15.1961,12.1522,72.93,80,7,1.74,clear sky
522,phang nga,TH,8.4509,98.5298,80.64,43,90,3.78,light rain
523,porto novo,BJ,6.4965,2.6036,82.33,81,100,2.86,overcast clouds
524,al artawiyah,SA,26.5053,45.3444,80.62,14,0,14.09,clear sky
525,kyelang,IN,32.5833,77.0333,36.82,97,100,7.36,overcast clouds
526,ituango,CO,7.1712,-75.764,62.96,97,100,0.54,overcast clouds
527,san pedro pochutla,MX,15.7333,-96.4667,78.71,74,30,0.56,scattered clouds
528,galashki,RU,43.1136,44.9894,50.95,96,100,2.39,light rain
529,nago,JP,26.5881,127.9761,77.45,62,0,16.44,clear sky
530,minot,US,48.2325,-101.2963,35.82,69,0,5.75,clear sky
531,guatrache,AR,-37.6678,-63.5302,45.54,46,0,4.05,clear sky
532,belvedere marittimo,IT,39.6179,15.8617,58.12,89,100,4.38,overcast clouds
533,rongelap,MH,11.1635,166.8941,81.37,83,23,22.57,few clouds
534,kangding,CN,30.0513,101.9603,61.18,77,100,5.12,overcast clouds
535,lata,PT,40.1629,-8.3327,63.81,59,100,3.38,overcast clouds
536,miandrivazo,MG,-19.5167,45.4667,81.86,49,0,1.43,clear sky
537,aguachica,CO,8.3084,-73.6166,75.06,88,22,4.16,few clouds
538,el porvenir,HN,13.7617,-87.3458,74.53,66,100,2.51,overcast clouds
539,kayenta,US,36.7278,-110.2546,61.66,22,100,15.39,overcast clouds
540,el bauga,SD,18.262,33.9081,87.85,23,82,13.53,broken clouds
541,inirida,CO,3.8653,-67.9239,74.7,92,17,0.76,few clouds
542,bichena,ET,10.45,38.2,56.32,79,100,1.99,overcast clouds
543,hanceville,US,34.0607,-86.7675,51.71,79,0,5.61,clear sky
544,martuk,KZ,50.7475,56.5056,74.43,27,0,17.11,clear sky
545,qui nhon,VN,13.7667,109.2333,84.61,67,48,9.51,scattered clouds
546,mthatha,ZA,-31.5889,28.7844,59.56,67,0,2.3,clear sky
547,nieuw amsterdam,SR,5.8833,-55.0833,78.03,88,100,6.46,overcast clouds
548,piton saint-leu,RE,-21.2196,55.3151,80.67,65,0,6.91,clear sky
549,port shepstone,ZA,-30.7414,30.455,70.41,72,98,9.1,overcast clouds
550,tczew,PL,54.0924,18.7779,56.82,73,100,8.77,light rain
551,berezovyy,RU,51.6667,135.7,67.1,34,100,6.4,overcast clouds
552,kapuskasing,CA,49.4169,-82.4331,35.31,98,100,9.75,snow
553,khash,IR,28.2211,61.2158,82.11,16,0,2.51,clear sky
554,baotou,CN,40.6522,109.8222,79.63,11,4,10.56,clear sky
555,sweetwater,US,25.7634,-80.3731,73.42,84,0,5.75,clear sky
556,halifax,CA,44.6453,-63.5724,42.69,94,100,8.01,overcast clouds
557,tauranga,NZ,-37.6861,176.1667,66.65,97,100,10.54,overcast clouds
558,acarau,BR,-2.8856,-40.12,76.59,87,100,7.56,overcast clouds
559,hoi an,VN,15.8794,108.335,87.76,70,20,12.1,few clouds
560,gebeit,SD,21.0667,36.3167,83.57,14,4,6.15,clear sky
561,otjimbingwe,NA,-22.35,16.1333,77.2,36,98,4.38,overcast clouds
562,castillos,UY,-34.1667,-53.8333,53.06,73,94,5.3,overcast clouds
563,celestun,MX,20.8667,-90.4,76.91,68,100,14.54,overcast clouds
564,myers corner,US,41.6062,-73.8729,47.62,87,100,0.0,overcast clouds
565,roma,US,43.2128,-75.4557,44.96,82,100,9.22,overcast clouds
566,idri,LY,27.5,13.2667,76.62,32,79,15.68,broken clouds
567,cantilan,PH,9.3336,125.9775,77.45,93,100,3.31,light rain
568,chanthaburi,TH,12.8333,102.1667,86.49,50,93,4.72,light rain
569,whitecourt,CA,54.1502,-115.6855,56.14,92,100,6.08,overcast clouds
570,ropazi,LV,56.9739,24.6336,55.45,60,100,12.8,overcast clouds
571,selfoss,IS,63.9331,-20.9971,40.05,68,100,6.38,overcast clouds
572,lagunas,PE,-5.2269,-75.6753,73.58,98,99,0.47,overcast clouds
573,vega alta,PR,18.4122,-66.3313,79.72,92,13,3.98,few clouds
574,vernon,CA,50.2581,-119.2691,60.75,60,24,3.0,few clouds
575,keokuk,US,40.3973,-91.3849,46.27,49,75,10.36,broken clouds
576,vila do maio,CV,15.1333,-23.2167,72.39,86,7,11.41,clear sky
577,fuxin,CN,42.0156,121.6589,72.81,34,5,20.71,clear sky
578,karukh,AF,34.4811,62.5863,79.75,16,1,8.3,clear sky
579,whangarei,NZ,-35.7317,174.3239,62.96,97,99,3.44,overcast clouds
580,aral,CN,40.5156,81.2636,77.52,9,6,11.21,clear sky
581,kroya,ID,-7.6331,109.2461,85.23,71,100,8.14,overcast clouds
582,rouissat,DZ,31.9243,5.3502,69.93,52,100,8.75,overcast clouds
583,kalat,PK,29.0225,66.5916,70.61,29,0,11.74,clear sky
584,kyren,RU,51.6828,102.1408,40.5,64,95,5.61,overcast clouds
585,santarem,BR,-2.4431,-54.7083,75.33,100,100,4.61,moderate rain
586,gantang,CN,26.92,119.6333,68.16,75,100,1.07,overcast clouds
587,holualoa,US,19.6228,-155.9522,75.04,83,20,8.05,few clouds
588,bhabhua,IN,25.05,83.6167,91.94,35,9,4.76,clear sky
589,angaur state,PW,6.906,134.13,83.82,77,83,10.51,broken clouds
590,lerwick,GB,60.1545,-1.1494,42.8,69,94,14.34,overcast clouds
591,dame-marie,HT,18.5667,-74.4167,77.25,79,50,3.78,scattered clouds
592,tres lagoas,BR,-20.7511,-51.6783,63.21,84,0,2.93,clear sky
593,sinan,KR,34.8262,126.1086,59.72,63,50,12.15,scattered clouds
594,andrews,US,32.3187,-102.5457,65.46,41,0,4.61,clear sky
595,keetmanshoop,NA,-26.5833,18.1333,67.26,21,1,1.57,clear sky
596,condoto,CO,5.0935,-76.6497,74.5,98,99,0.65,overcast clouds
597,hutchinson,US,38.0608,-97.9298,45.52,67,0,3.44,clear sky
598,airdrie,GB,55.866,-3.9803,46.08,85,93,3.74,overcast clouds
599,santa cruz,BO,-17.8,-63.1667,65.66,100,100,16.11,overcast clouds
600,saint-pierre,RE,-21.3393,55.4781,82.08,65,0,6.91,clear sky
601,outokumpu,FI,62.7269,29.0159,35.69,99,100,5.68,light rain
602,poltavka,RU,54.3663,71.7632,49.84,25,0,9.35,clear sky
603,norrtalje,SE,59.758,18.705,39.02,93,100,10.98,light rain
604,kinablangan,PH,7.6947,126.5503,79.75,86,100,8.32,overcast clouds
605,sokhumi,GE,43.0033,41.0153,56.59,74,71,4.61,broken clouds
606,tavda,RU,58.0425,65.2726,46.69,69,100,8.39,moderate rain
607,seymour,US,38.9592,-85.8903,46.58,90,16,14.41,few clouds
608,acajutla,SV,13.5928,-89.8275,80.83,81,91,4.43,overcast clouds
609,kafanchan,NG,9.5833,8.3,76.14,69,19,4.05,few clouds
610,omaruru,NA,-21.4333,15.9333,74.43,39,93,7.94,overcast clouds
611,lemvig,DK,56.5486,8.3102,46.2,73,10,14.12,clear sky
612,nova sintra,CV,14.8667,-24.7167,68.81,82,6,12.77,clear sky
613,koulamoutou,GA,-1.1303,12.4736,71.17,100,100,0.74,moderate rain
614,mokhotlong,LS,-29.2894,29.0675,59.4,41,19,5.84,few clouds
615,kismayo,SO,-0.3582,42.5454,84.49,67,98,13.49,overcast clouds
616,pokhara,NP,28.2333,83.9833,73.45,43,99,3.4,overcast clouds
617,penzance,GB,50.1186,-5.5371,52.92,87,20,5.75,few clouds
618,yantzaza,EC,-3.8278,-78.7594,66.49,99,100,0.6,light rain
619,tarnogskiy gorodok,RU,60.4997,43.5761,46.54,58,6,6.62,clear sky
620,pionerskiy,RU,54.9508,20.2275,53.44,81,100,14.54,overcast clouds
621,gurupa,BR,-1.405,-51.64,73.08,98,100,2.21,overcast clouds
622,banjarmasin,ID,-3.3244,114.591,91.54,66,80,5.84,broken clouds
623,kitob,UZ,39.0843,66.8332,83.98,19,0,5.12,clear sky
624,tynda,RU,55.1667,124.7167,42.39,96,100,7.05,light rain
625,yazd,IR,31.8972,54.3675,80.71,14,0,6.91,clear sky
626,terme,TR,41.2092,36.9739,55.33,61,8,4.92,clear sky
627,redencao,BR,-4.2258,-38.7306,73.71,95,100,1.74,overcast clouds
628,armstrong,AR,-32.7822,-61.6022,55.47,29,78,5.03,broken clouds
629,kailua-kona,US,19.6406,-155.9956,78.76,84,20,8.05,few clouds
630,copala,MX,16.65,-98.9833,78.17,64,0,2.17,clear sky
631,boguchany,RU,58.3814,97.4531,37.9,93,100,7.27,light rain
632,kualakapuas,ID,-3.0091,114.3876,89.64,60,96,4.72,overcast clouds
633,tejen,TM,37.3834,60.5054,90.23,12,8,8.01,clear sky
634,west fargo,US,46.875,-96.9004,39.02,68,0,12.66,clear sky
635,bhind,IN,26.5642,78.7883,85.95,38,43,7.16,scattered clouds
636,san juan nepomuceno,CO,9.9516,-75.082,75.02,95,44,3.33,scattered clouds
637,kendari,ID,-3.945,122.4989,82.62,79,100,7.65,overcast clouds
638,kawerau,NZ,-38.1,176.7,66.38,98,100,4.0,overcast clouds
639,naze,JP,28.3667,129.4833,68.54,64,0,16.08,clear sky
640,makanya,TZ,-4.3667,37.8333,74.28,75,100,5.95,overcast clouds
641,dudinka,RU,69.4058,86.1778,22.62,86,100,7.07,overcast clouds
642,bairnsdale,AU,-37.8333,147.6167,65.05,60,83,8.03,broken clouds
643,kolonia town,FM,6.964,158.206,80.6,89,100,5.75,heavy intensity rain
644,ventanas,EC,-1.45,-79.4667,75.94,91,100,1.66,overcast clouds
645,palembang,ID,-2.9167,104.7458,91.49,58,75,6.91,broken clouds
646,nizhnesortymskiy,RU,62.4397,71.7603,31.71,78,99,10.18,overcast clouds
647,fortuna foothills,US,32.6578,-114.4119,66.29,40,0,12.66,clear sky
648,port sudan,SD,19.6175,37.2164,83.62,41,89,10.69,overcast clouds
649,kwaksan,KP,39.6875,125.0828,62.83,42,100,14.18,overcast clouds
650,pasuquin,PH,18.3328,120.6177,89.55,62,20,9.22,few clouds
651,n'zeto,AO,-7.2312,12.8666,77.94,90,99,7.38,light rain
652,rampur,IN,28.8167,79.0333,68.5,60,99,10.51,overcast clouds
653,mulayjah,SA,27.271,48.4242,88.32,13,0,16.2,clear sky
654,soure,BR,-0.7167,-48.5233,78.6,82,100,4.34,overcast clouds
655,muli,MV,2.9167,73.5667,81.61,80,100,16.31,overcast clouds
656,sabang,ID,5.8933,95.3214,84.94,67,100,4.0,overcast clouds
657,coahuayana de hidalgo,MX,18.7,-103.6583,70.75,63,0,3.76,clear sky
658,nova vicosa,BR,-17.8919,-39.3719,74.16,88,100,2.26,overcast clouds
659,fomboni,KM,-12.28,43.7425,81.16,68,100,12.82,overcast clouds
660,hailar,CN,49.2,119.7,76.42,19,0,24.4,clear sky
661,ugoofaaru,MV,5.6667,73.0,82.76,81,100,10.45,overcast clouds
662,al kharijah,EG,25.4514,30.5464,79.92,17,0,11.81,clear sky
663,awjilah,LY,29.1081,21.2869,81.63,13,99,17.67,overcast clouds
664,mejit,MH,10.2753,170.8646,81.34,81,100,21.18,overcast clouds
665,mahajanga,MG,-15.7167,46.3167,86.02,70,40,5.75,scattered clouds
666,rabo de peixe,PT,37.8,-25.5833,58.51,88,40,10.36,light intensity shower rain
667,arno,SE,60.1167,18.6333,34.79,83,99,15.86,light snow
668,longgang,CN,37.6508,120.3286,68.0,34,100,21.81,overcast clouds
669,road town,VG,18.4167,-64.6167,80.69,76,8,11.81,clear sky
670,tamanrasset,DZ,22.785,5.5228,71.51,7,0,2.3,clear sky
671,katsuren-haebaru,JP,26.3369,127.8719,77.4,61,0,17.27,clear sky
672,tofol,FM,5.3248,163.0078,82.02,80,100,13.53,light rain
673,borogontsy,RU,62.6683,131.1683,37.89,95,100,2.75,overcast clouds
674,san juan bautista,PE,-14.0108,-75.7358,71.31,67,0,3.87,clear sky
675,i-n-salah,DZ,27.1935,2.4607,82.81,23,6,24.18,clear sky
676,mount carmel,US,38.4109,-87.7614,50.09,75,8,11.01,clear sky
677,lesnoy,RU,57.6198,63.0784,54.82,35,100,13.82,overcast clouds
678,maloye ganyushkino,KZ,46.6,49.2667,69.6,54,100,14.18,overcast clouds
679,taksimo,RU,56.3444,114.8794,37.09,57,100,6.71,light rain
680,enchanted hills,US,35.3368,-106.593,71.06,22,100,5.01,overcast clouds
681,takoradi,GH,4.8845,-1.7554,79.77,85,100,7.09,overcast clouds
682,jelcz,PL,51.021,17.321,57.09,88,100,8.1,light rain
683,balabac,PH,7.9868,117.0645,86.11,70,89,12.12,overcast clouds
684,yeppoon,AU,-23.1333,150.7333,78.58,66,3,7.58,clear sky
685,whistler,CA,50.1164,-122.9695,49.55,93,64,5.26,broken clouds
686,kurumkan,RU,54.3,110.3,42.33,36,100,12.95,overcast clouds
687,bubaque,GW,11.2833,-15.8333,77.85,81,8,12.33,clear sky
688,bada,RU,51.392,109.8717,43.23,40,100,16.11,overcast clouds
689,balqash,KZ,46.8481,74.995,55.99,26,0,15.66,clear sky
690,ostuni,IT,40.7276,17.5764,61.25,85,100,20.42,overcast clouds
691,maffra,AU,-37.9667,146.9833,63.09,50,92,8.95,light rain
692,whitby,GB,54.4877,-0.615,46.0,72,97,7.0,overcast clouds
693,oyama,JP,36.3,139.8,70.12,24,3,6.96,clear sky
694,khandyga,RU,62.6667,135.6,37.38,88,96,2.71,overcast clouds
695,pustoshka,RU,56.3355,29.369,51.21,48,100,12.44,overcast clouds
696,puerto aysen,CL,-45.4,-72.7,43.79,98,100,4.12,overcast clouds
697,glennville,US,31.9366,-81.9285,57.7,56,0,7.18,clear sky
698,kapoeta,SS,4.7717,33.5903,76.57,68,94,4.74,overcast clouds
699,melenci,RS,45.5139,20.3172,61.0,61,100,22.08,overcast clouds
700,scarborough,GB,54.2797,-0.4044,46.65,75,94,7.9,overcast clouds
701,basco,PH,20.4487,121.9702,79.97,85,1,15.14,clear sky
702,zheshart,RU,62.0731,49.5733,42.98,80,100,9.17,overcast clouds
703,kalemie,CD,-5.9475,29.1947,69.57,93,100,0.4,light rain
704,sittwe,MM,20.15,92.9,89.29,56,26,13.53,scattered clouds
705,mbanza kongo,AO,-6.267,14.2401,69.98,97,100,1.54,overcast clouds
706,dompu,ID,-8.5356,118.4622,89.42,59,100,1.59,overcast clouds
707,luanda,AO,-8.8368,13.2343,80.6,83,20,8.05,few clouds
708,cuamba,MZ,-14.8031,36.5372,72.0,66,8,1.95,clear sky
709,revelstoke,CA,50.9832,-118.2023,56.91,91,95,2.98,overcast clouds
710,danghara,TJ,38.0958,69.34,84.42,33,100,5.1,overcast clouds
711,fazendas de almeirim,PT,39.1755,-8.5693,66.92,73,100,5.3,overcast clouds
712,cananeia,BR,-25.0147,-47.9267,66.51,94,6,4.36,clear sky
713,lianjiang,CN,21.6467,110.2817,83.35,66,76,17.13,broken clouds
714,keflavik,IS,64.0049,-22.5624,39.63,75,75,10.36,broken clouds
715,turpan,CN,42.9333,89.1667,73.15,20,100,2.71,overcast clouds
716,cole harbour,CA,44.6724,-63.4751,42.19,94,100,8.01,overcast clouds
717,sirpur,IN,19.4833,79.6,91.04,46,7,8.05,clear sky
718,sharlyk,RU,52.9167,54.75,72.48,27,6,20.62,clear sky
